,B: article_title,C: choice,D: system_role,E: model,F: text,G: prep step,H: summarization task,I: full summarization task,J: summary,K: original summary content rating,L: original summary language rating,M: top summary,N: simple summary choice,O: audience,P: simplify task,Q: full simplify task,R: simple summary,S: simple summary content rating,T: simple summary language rating,U: top simple summary,V: relevance task,W: full add relevance task,X: people new to resistance training,Y: added relevance content rating,Z: added relevance language rating,AA: top added relevance,AB: add relevance task (seniors),AC: full add relevance task (seniors)
0,Comparisons in the Recovery Response From Resistance Exercise Between Young and Middle-Aged Men,1,You are an expert at science communication.,gpt-3.5-turbo,"Comparisons in the Recovery Response From Resistance Exercise Between Young and Middle-Aged Men

Discussion
Results of this study indicated no differences in the recovery response between YA and MA for any of the performance measures, nor in subjective levels of muscle pain or soreness. Furthermore, no between-group differences were observed in the inflammatory orÂ muscle damageÂ response to the exercise protocol. To the best of our knowledge, this is the first study to examine differences in the recovery response from high-volume resistance exercise between recreationally trained young and middle-aged adults. Our results comparing BL performance measures seem to be in agreement with other investigations, demonstrating differences in strength measures between young (23Â–29 years) and older adults (60Â–65 years) (7,15,24), and between middle-aged (41Â–42 years) and older adults (70Â–72 years) (17,18). It does seem that the decline in strength may develop during middle age. However, recovery from exercise seems to be comparable in both younger and middle-aged adults as reflected by similar changes in performance and markers ofÂ muscle damageÂ andÂ inflammation. Although changes in strength may occur in middle age, recovery from exercise does seem to be maintained in recreationally trained individuals.
The differences observed at BL in isometric force and the rate of force development is consistent with other investigations comparing younger and older adults (16,19,36). Although differences in age between young and middle-aged adults do seem to affect BL levels of strength, it does not seem to affect recovery from exercise. This is supported by similar patterns ofÂ muscle damageÂ andÂ inflammationÂ observed during the recovery period after the HVP. Elevations in Mb and CK concentrations are consistent with the expected physiological response from a bout of resistance exercise (9,34). These results also suggest that middle-aged recreationally active men who regularly engage inÂ resistance trainingÂ do not seem to be at increased risk for greater soreness orÂ muscle damageÂ in comparison with younger recreationally trained men.
Similar response patterns were also noted in the inflammatory response for both groups. No significant elevations from BL were observed in CRP. However, significant increases in IL-6 concentrations were observed for both groups. Although CRP is an acute phase protein whose function is to activate the innate immune response and enhance phagocytosis (10), it does not seem to change after an acute bout of resistance exercise (6). Previous research has reported no significant changes in CRP concentrations afterÂ resistance trainingÂ protocols recruiting primarily both upper-body (31) and lower-body exercises (4) in younger men. Furthermore, previous investigations have also indicated that training experience can reduce the CRP response to an acute bout of exercise (22,35). Considering that participants in both YA and MA were recreationally trained, it is likely that this training experience may have attenuated the CRP response. Physiologically, it is consistent with the lower stress and damage that occurs with repetitive training (9,35). Interleukin-6 is an inflammatory cytokine that facilitates communication for the mobilization, proliferation, and differentiation of immune cells to the site of tissue damage (6) and has been shown to increase after exercise (11). Elevations in IL-6 are related to the intensity, duration, and mode of training (11,13,32), but the literature is inconclusive regarding the IL-6 response toÂ resistance training. A recent study reported that a bout of high-volume resistance exercise (8 sets of 10 repetitions with 70% of maximal strength in the squat exercise) resulted in a significant elevation in IL-6 concentrations 30 min after exercise, but no changes were observed after a bout of high-intensity resistance exercise (8 sets of 3 repetitions with 90% of maximal strength in the squat exercise) in experienced, trained lifters (4). The IL-6 response observed during this investigation as a result of a bout of high-volume resistance exercise seems to be consistent with that recently reported by Bartolomei et al. (4). However, age did not seem to exacerbate nor attenuate the IL-6 response in recreationally trained participants.
No differences were noted in the inflammatory orÂ muscle damageÂ response between YA and MA. As discussed earlier, this is likely related to the recreational training background of the participants. However, there were several limitations to the study that need to be acknowledged. The exercise protocol was performed on an isokinetic dynamometer, which may not have as much practical application as mostÂ resistance trainingÂ programs use dynamic constant resistance exercises. In addition, unilateral, single-joint exercise recruited a relatively smaller muscle mass than is commonly used in most training programs. The use of this modality of exercise, which has been demonstrated to be very effective in elicitingÂ muscle damageÂ (20,30), may not have been sufficient to elicit significant performance and inflammatory changes in these recreationally trained participants. Future research should examine modes of training specific to the typical training program of the participants.
Practical Applications
The results of this study indicate that changes in muscle performance seem to begin during middle age, even in recreationally trained individuals. However, participating in recreationalÂ resistance trainingÂ may mitigate any alteration in the recovery response from exercise. These results should be examined in the context that recovery was investigated after a unilateral, single-joint isokinetic exercise protocol. Although this method has been previously used as an effective mode of exercise to elicitÂ muscle damage, it is not specific to the type of exercises typically used by recreational lifters. Future studies may wish to compare these population groups using multijoint, dynamic constant resistance exercises common to the training programs of most recreational lifters, regardless of age.
",Take the key points and numerical descriptors to,Create an Instagram post,Take the key points and numerical descriptors to Create an Instagram post,"""Age is just a number when it comes to exercise recovery! ğŸ‹ï¸â€â™‚ï¸ğŸ’ª According to a recent study, there were no significant differences in the recovery response between young and middle-aged men after high-volume resistance exercise. ğŸ’¥ğŸ‘Š Additionally, both groups experienced similar levels of muscle pain and inflammation. However, changes in muscle performance may begin during middle age, but recreational resistance training can help mitigate any alterations in recovery response. ğŸ™Œ Keep pushing yourself at any age and reap the benefits of exercise! ğŸŒŸ #fitnessmotivation #resistancetraining #exercisescience #nevertooold""",,,,1,a lay audience,"If needed, rewrite using terms appropriate for","If needed, rewrite using terms appropriate for for a lay audience","It doesn't matter how old you are, you can still recover well after exercise! A recent study found that young and middle-aged men had similar recovery responses after doing a lot of weightlifting. They also had similar levels of muscle pain and inflammation. However, as you get older, your muscle performance may start to decline. But, if you keep doing resistance training, you can help prevent this decline and recover better after exercise. So, don't let age hold you back from exercising and enjoying the benefits!",,,,Rewrite the summary to include an explanation of how it is relevant for,,"This study found that age doesn't significantly affect recovery after high-volume resistance exercise, meaning that both young and middle-aged men experienced similar levels of muscle pain and inflammation. However, muscle performance may start to decline during middle age, but recreational resistance training can help mitigate these changes. This is great news for people new to resistance training, as it shows that age shouldn't be a barrier to starting and benefiting from this type of exercise. So, whether you're young or middle-aged, keep pushing yourself and enjoy the benefits of resistance training! #fitnessmotivation #resistancetraining #exercisescience #nevertooold",,,,,
1,Comparisons in the Recovery Response From Resistance Exercise Between Young and Middle-Aged Men,2,You are an expert at science communication.,gpt-3.5-turbo,"Comparisons in the Recovery Response From Resistance Exercise Between Young and Middle-Aged Men

Discussion
Results of this study indicated no differences in the recovery response between YA and MA for any of the performance measures, nor in subjective levels of muscle pain or soreness. Furthermore, no between-group differences were observed in the inflammatory orÂ muscle damageÂ response to the exercise protocol. To the best of our knowledge, this is the first study to examine differences in the recovery response from high-volume resistance exercise between recreationally trained young and middle-aged adults. Our results comparing BL performance measures seem to be in agreement with other investigations, demonstrating differences in strength measures between young (23Â–29 years) and older adults (60Â–65 years) (7,15,24), and between middle-aged (41Â–42 years) and older adults (70Â–72 years) (17,18). It does seem that the decline in strength may develop during middle age. However, recovery from exercise seems to be comparable in both younger and middle-aged adults as reflected by similar changes in performance and markers ofÂ muscle damageÂ andÂ inflammation. Although changes in strength may occur in middle age, recovery from exercise does seem to be maintained in recreationally trained individuals.
The differences observed at BL in isometric force and the rate of force development is consistent with other investigations comparing younger and older adults (16,19,36). Although differences in age between young and middle-aged adults do seem to affect BL levels of strength, it does not seem to affect recovery from exercise. This is supported by similar patterns ofÂ muscle damageÂ andÂ inflammationÂ observed during the recovery period after the HVP. Elevations in Mb and CK concentrations are consistent with the expected physiological response from a bout of resistance exercise (9,34). These results also suggest that middle-aged recreationally active men who regularly engage inÂ resistance trainingÂ do not seem to be at increased risk for greater soreness orÂ muscle damageÂ in comparison with younger recreationally trained men.
Similar response patterns were also noted in the inflammatory response for both groups. No significant elevations from BL were observed in CRP. However, significant increases in IL-6 concentrations were observed for both groups. Although CRP is an acute phase protein whose function is to activate the innate immune response and enhance phagocytosis (10), it does not seem to change after an acute bout of resistance exercise (6). Previous research has reported no significant changes in CRP concentrations afterÂ resistance trainingÂ protocols recruiting primarily both upper-body (31) and lower-body exercises (4) in younger men. Furthermore, previous investigations have also indicated that training experience can reduce the CRP response to an acute bout of exercise (22,35). Considering that participants in both YA and MA were recreationally trained, it is likely that this training experience may have attenuated the CRP response. Physiologically, it is consistent with the lower stress and damage that occurs with repetitive training (9,35). Interleukin-6 is an inflammatory cytokine that facilitates communication for the mobilization, proliferation, and differentiation of immune cells to the site of tissue damage (6) and has been shown to increase after exercise (11). Elevations in IL-6 are related to the intensity, duration, and mode of training (11,13,32), but the literature is inconclusive regarding the IL-6 response toÂ resistance training. A recent study reported that a bout of high-volume resistance exercise (8 sets of 10 repetitions with 70% of maximal strength in the squat exercise) resulted in a significant elevation in IL-6 concentrations 30 min after exercise, but no changes were observed after a bout of high-intensity resistance exercise (8 sets of 3 repetitions with 90% of maximal strength in the squat exercise) in experienced, trained lifters (4). The IL-6 response observed during this investigation as a result of a bout of high-volume resistance exercise seems to be consistent with that recently reported by Bartolomei et al. (4). However, age did not seem to exacerbate nor attenuate the IL-6 response in recreationally trained participants.
No differences were noted in the inflammatory orÂ muscle damageÂ response between YA and MA. As discussed earlier, this is likely related to the recreational training background of the participants. However, there were several limitations to the study that need to be acknowledged. The exercise protocol was performed on an isokinetic dynamometer, which may not have as much practical application as mostÂ resistance trainingÂ programs use dynamic constant resistance exercises. In addition, unilateral, single-joint exercise recruited a relatively smaller muscle mass than is commonly used in most training programs. The use of this modality of exercise, which has been demonstrated to be very effective in elicitingÂ muscle damageÂ (20,30), may not have been sufficient to elicit significant performance and inflammatory changes in these recreationally trained participants. Future research should examine modes of training specific to the typical training program of the participants.
Practical Applications
The results of this study indicate that changes in muscle performance seem to begin during middle age, even in recreationally trained individuals. However, participating in recreationalÂ resistance trainingÂ may mitigate any alteration in the recovery response from exercise. These results should be examined in the context that recovery was investigated after a unilateral, single-joint isokinetic exercise protocol. Although this method has been previously used as an effective mode of exercise to elicitÂ muscle damage, it is not specific to the type of exercises typically used by recreational lifters. Future studies may wish to compare these population groups using multijoint, dynamic constant resistance exercises common to the training programs of most recreational lifters, regardless of age.
",Take the key points and numerical descriptors to,Create an Instagram post,Take the key points and numerical descriptors to Create an Instagram post,"New study shows that there are no differences in the recovery response from high-volume resistance exercise between young and middle-aged men. ğŸ’ªğŸ¼

The study also found that changes in muscle performance may start during middle age, but participating in recreational resistance training can help mitigate any alteration in the recovery response from exercise. ğŸ‹ğŸ»â€â™‚ï¸

No significant differences were observed in the inflammatory or muscle damage response between the two age groups. This suggests that middle-aged, recreationally active men who regularly engage in resistance training do not seem to be at an increased risk for greater soreness or muscle damage when compared with younger, recreationally trained men. ğŸ’ªğŸ¼

So, if you're a middle-aged man who loves to lift, keep at it! ğŸ™ŒğŸ¼",,,,1,a lay audience,"If needed, rewrite using terms appropriate for","If needed, rewrite using terms appropriate for for a lay audience","A new study found that middle-aged men who exercise with weights can recover just as well as younger men. The study also showed that starting in middle age, muscles may not work as well, but lifting weights can help prevent this. The study found that middle-aged men who exercise with weights are not at a higher risk for muscle soreness or damage compared to younger men who also lift weights. So, if you're a middle-aged man who enjoys lifting weights, keep it up!",,,,Rewrite the summary to include an explanation of how it is relevant for,,"A recent study has shown that there are no significant differences in the recovery response from high-volume resistance exercise between young and middle-aged men. The study also found that changes in muscle performance may start during middle age, but participating in recreational resistance training can help mitigate any alteration in the recovery response from exercise. This is great news for middle-aged men who regularly engage in resistance training, as they do not seem to be at an increased risk for greater soreness or muscle damage when compared with younger, recreationally trained men. For those who are new to resistance training, this study suggests that starting a resistance training program at any age can be beneficial for maintaining muscle performance and recovery response. So, if you're new to resistance training, don't be discouraged by your age, start lifting and enjoy the benefits!",,,,,
2,Comparisons in the Recovery Response From Resistance Exercise Between Young and Middle-Aged Men,3,You are an expert at science communication.,gpt-3.5-turbo,"Comparisons in the Recovery Response From Resistance Exercise Between Young and Middle-Aged Men

Discussion
Results of this study indicated no differences in the recovery response between YA and MA for any of the performance measures, nor in subjective levels of muscle pain or soreness. Furthermore, no between-group differences were observed in the inflammatory orÂ muscle damageÂ response to the exercise protocol. To the best of our knowledge, this is the first study to examine differences in the recovery response from high-volume resistance exercise between recreationally trained young and middle-aged adults. Our results comparing BL performance measures seem to be in agreement with other investigations, demonstrating differences in strength measures between young (23Â–29 years) and older adults (60Â–65 years) (7,15,24), and between middle-aged (41Â–42 years) and older adults (70Â–72 years) (17,18). It does seem that the decline in strength may develop during middle age. However, recovery from exercise seems to be comparable in both younger and middle-aged adults as reflected by similar changes in performance and markers ofÂ muscle damageÂ andÂ inflammation. Although changes in strength may occur in middle age, recovery from exercise does seem to be maintained in recreationally trained individuals.
The differences observed at BL in isometric force and the rate of force development is consistent with other investigations comparing younger and older adults (16,19,36). Although differences in age between young and middle-aged adults do seem to affect BL levels of strength, it does not seem to affect recovery from exercise. This is supported by similar patterns ofÂ muscle damageÂ andÂ inflammationÂ observed during the recovery period after the HVP. Elevations in Mb and CK concentrations are consistent with the expected physiological response from a bout of resistance exercise (9,34). These results also suggest that middle-aged recreationally active men who regularly engage inÂ resistance trainingÂ do not seem to be at increased risk for greater soreness orÂ muscle damageÂ in comparison with younger recreationally trained men.
Similar response patterns were also noted in the inflammatory response for both groups. No significant elevations from BL were observed in CRP. However, significant increases in IL-6 concentrations were observed for both groups. Although CRP is an acute phase protein whose function is to activate the innate immune response and enhance phagocytosis (10), it does not seem to change after an acute bout of resistance exercise (6). Previous research has reported no significant changes in CRP concentrations afterÂ resistance trainingÂ protocols recruiting primarily both upper-body (31) and lower-body exercises (4) in younger men. Furthermore, previous investigations have also indicated that training experience can reduce the CRP response to an acute bout of exercise (22,35). Considering that participants in both YA and MA were recreationally trained, it is likely that this training experience may have attenuated the CRP response. Physiologically, it is consistent with the lower stress and damage that occurs with repetitive training (9,35). Interleukin-6 is an inflammatory cytokine that facilitates communication for the mobilization, proliferation, and differentiation of immune cells to the site of tissue damage (6) and has been shown to increase after exercise (11). Elevations in IL-6 are related to the intensity, duration, and mode of training (11,13,32), but the literature is inconclusive regarding the IL-6 response toÂ resistance training. A recent study reported that a bout of high-volume resistance exercise (8 sets of 10 repetitions with 70% of maximal strength in the squat exercise) resulted in a significant elevation in IL-6 concentrations 30 min after exercise, but no changes were observed after a bout of high-intensity resistance exercise (8 sets of 3 repetitions with 90% of maximal strength in the squat exercise) in experienced, trained lifters (4). The IL-6 response observed during this investigation as a result of a bout of high-volume resistance exercise seems to be consistent with that recently reported by Bartolomei et al. (4). However, age did not seem to exacerbate nor attenuate the IL-6 response in recreationally trained participants.
No differences were noted in the inflammatory orÂ muscle damageÂ response between YA and MA. As discussed earlier, this is likely related to the recreational training background of the participants. However, there were several limitations to the study that need to be acknowledged. The exercise protocol was performed on an isokinetic dynamometer, which may not have as much practical application as mostÂ resistance trainingÂ programs use dynamic constant resistance exercises. In addition, unilateral, single-joint exercise recruited a relatively smaller muscle mass than is commonly used in most training programs. The use of this modality of exercise, which has been demonstrated to be very effective in elicitingÂ muscle damageÂ (20,30), may not have been sufficient to elicit significant performance and inflammatory changes in these recreationally trained participants. Future research should examine modes of training specific to the typical training program of the participants.
Practical Applications
The results of this study indicate that changes in muscle performance seem to begin during middle age, even in recreationally trained individuals. However, participating in recreationalÂ resistance trainingÂ may mitigate any alteration in the recovery response from exercise. These results should be examined in the context that recovery was investigated after a unilateral, single-joint isokinetic exercise protocol. Although this method has been previously used as an effective mode of exercise to elicitÂ muscle damage, it is not specific to the type of exercises typically used by recreational lifters. Future studies may wish to compare these population groups using multijoint, dynamic constant resistance exercises common to the training programs of most recreational lifters, regardless of age.
",Take the key points and numerical descriptors to,Create an Instagram post,Take the key points and numerical descriptors to Create an Instagram post,"""Age is just a number! ğŸ’ªğŸ¼ğŸ’ªğŸ½ğŸ’ªğŸ¾ A recent study found that there were no differences in the recovery response from high-volume resistance exercise between young and middle-aged men. ğŸ‹ï¸â€â™‚ï¸ğŸ‹ï¸â€â™‚ï¸ğŸ‹ï¸â€â™‚ï¸ This means that, even as we age, participating in recreational resistance training can still help maintain our recovery from exercise. ğŸ™ŒğŸ¼ğŸ™ŒğŸ½ğŸ™ŒğŸ¾ So, don't let age hold you back from getting fit and strong! ğŸ‹ï¸â€â™€ï¸ğŸ‹ï¸â€â™€ï¸ğŸ‹ï¸â€â™€ï¸ #fitnessmotivation #resistancetraining #agingsuccessfully #nevertooold #fitandstrong #sciencecommunication""",,,,1,a lay audience,"If needed, rewrite using terms appropriate for","If needed, rewrite using terms appropriate for for a lay audience","It's never too late to get fit and strong! A recent study found that middle-aged men can recover just as well from exercise as younger men. This means that even as we get older, exercising with weights can still help us stay healthy. So, don't let age stop you from staying active and strong!",,,,Rewrite the summary to include an explanation of how it is relevant for,,"""Age is just a number! ğŸ’ªğŸ¼ğŸ’ªğŸ½ğŸ’ªğŸ¾ A recent study found that even middle-aged men can recover from high-volume resistance exercise just as well as young men. ğŸ‹ï¸â€â™‚ï¸ğŸ‹ï¸â€â™‚ï¸ğŸ‹ï¸â€â™‚ï¸ This is great news for those who are new to resistance training, as it means that age should not hold you back from starting a fitness routine. ğŸ™ŒğŸ¼ğŸ™ŒğŸ½ğŸ™ŒğŸ¾ Participating in recreational resistance training can help maintain recovery from exercise, regardless of age. ğŸ‹ï¸â€â™€ï¸ğŸ‹ï¸â€â™€ï¸ğŸ‹ï¸â€â™€ï¸ So, if you're looking to get fit and strong, don't let age be a barrier! #fitnessmotivation #resistancetraining #agingsuccessfully #nevertooold #fitandstrong #sciencecommunication""",,,,,
3,Comparisons in the Recovery Response From Resistance Exercise Between Young and Middle-Aged Men,4,You are an expert at science communication.,gpt-3.5-turbo,"Comparisons in the Recovery Response From Resistance Exercise Between Young and Middle-Aged Men

Discussion
Results of this study indicated no differences in the recovery response between YA and MA for any of the performance measures, nor in subjective levels of muscle pain or soreness. Furthermore, no between-group differences were observed in the inflammatory orÂ muscle damageÂ response to the exercise protocol. To the best of our knowledge, this is the first study to examine differences in the recovery response from high-volume resistance exercise between recreationally trained young and middle-aged adults. Our results comparing BL performance measures seem to be in agreement with other investigations, demonstrating differences in strength measures between young (23Â–29 years) and older adults (60Â–65 years) (7,15,24), and between middle-aged (41Â–42 years) and older adults (70Â–72 years) (17,18). It does seem that the decline in strength may develop during middle age. However, recovery from exercise seems to be comparable in both younger and middle-aged adults as reflected by similar changes in performance and markers ofÂ muscle damageÂ andÂ inflammation. Although changes in strength may occur in middle age, recovery from exercise does seem to be maintained in recreationally trained individuals.
The differences observed at BL in isometric force and the rate of force development is consistent with other investigations comparing younger and older adults (16,19,36). Although differences in age between young and middle-aged adults do seem to affect BL levels of strength, it does not seem to affect recovery from exercise. This is supported by similar patterns ofÂ muscle damageÂ andÂ inflammationÂ observed during the recovery period after the HVP. Elevations in Mb and CK concentrations are consistent with the expected physiological response from a bout of resistance exercise (9,34). These results also suggest that middle-aged recreationally active men who regularly engage inÂ resistance trainingÂ do not seem to be at increased risk for greater soreness orÂ muscle damageÂ in comparison with younger recreationally trained men.
Similar response patterns were also noted in the inflammatory response for both groups. No significant elevations from BL were observed in CRP. However, significant increases in IL-6 concentrations were observed for both groups. Although CRP is an acute phase protein whose function is to activate the innate immune response and enhance phagocytosis (10), it does not seem to change after an acute bout of resistance exercise (6). Previous research has reported no significant changes in CRP concentrations afterÂ resistance trainingÂ protocols recruiting primarily both upper-body (31) and lower-body exercises (4) in younger men. Furthermore, previous investigations have also indicated that training experience can reduce the CRP response to an acute bout of exercise (22,35). Considering that participants in both YA and MA were recreationally trained, it is likely that this training experience may have attenuated the CRP response. Physiologically, it is consistent with the lower stress and damage that occurs with repetitive training (9,35). Interleukin-6 is an inflammatory cytokine that facilitates communication for the mobilization, proliferation, and differentiation of immune cells to the site of tissue damage (6) and has been shown to increase after exercise (11). Elevations in IL-6 are related to the intensity, duration, and mode of training (11,13,32), but the literature is inconclusive regarding the IL-6 response toÂ resistance training. A recent study reported that a bout of high-volume resistance exercise (8 sets of 10 repetitions with 70% of maximal strength in the squat exercise) resulted in a significant elevation in IL-6 concentrations 30 min after exercise, but no changes were observed after a bout of high-intensity resistance exercise (8 sets of 3 repetitions with 90% of maximal strength in the squat exercise) in experienced, trained lifters (4). The IL-6 response observed during this investigation as a result of a bout of high-volume resistance exercise seems to be consistent with that recently reported by Bartolomei et al. (4). However, age did not seem to exacerbate nor attenuate the IL-6 response in recreationally trained participants.
No differences were noted in the inflammatory orÂ muscle damageÂ response between YA and MA. As discussed earlier, this is likely related to the recreational training background of the participants. However, there were several limitations to the study that need to be acknowledged. The exercise protocol was performed on an isokinetic dynamometer, which may not have as much practical application as mostÂ resistance trainingÂ programs use dynamic constant resistance exercises. In addition, unilateral, single-joint exercise recruited a relatively smaller muscle mass than is commonly used in most training programs. The use of this modality of exercise, which has been demonstrated to be very effective in elicitingÂ muscle damageÂ (20,30), may not have been sufficient to elicit significant performance and inflammatory changes in these recreationally trained participants. Future research should examine modes of training specific to the typical training program of the participants.
Practical Applications
The results of this study indicate that changes in muscle performance seem to begin during middle age, even in recreationally trained individuals. However, participating in recreationalÂ resistance trainingÂ may mitigate any alteration in the recovery response from exercise. These results should be examined in the context that recovery was investigated after a unilateral, single-joint isokinetic exercise protocol. Although this method has been previously used as an effective mode of exercise to elicitÂ muscle damage, it is not specific to the type of exercises typically used by recreational lifters. Future studies may wish to compare these population groups using multijoint, dynamic constant resistance exercises common to the training programs of most recreational lifters, regardless of age.
",Take the key points and numerical descriptors to,Create an Instagram post,Take the key points and numerical descriptors to Create an Instagram post,"ğŸ”¬ SCIENCE UPDATE: A recent study compared the recovery response from resistance exercise between young and middle-aged men. The results showed no differences in recovery between the two groups for performance measures, muscle pain, or inflammation. Interestingly, while strength measures decline with age, recovery from exercise remains comparable in both groups. This suggests that participating in recreational resistance training can help mitigate any alterations in the recovery response from exercise. ğŸ‹ï¸â€â™‚ï¸ #sciencenews #fitness #resistancetraining #aging #musclehealth #healthylifestyle",,,,1,a lay audience,"If needed, rewrite using terms appropriate for","If needed, rewrite using terms appropriate for for a lay audience","New research compared how young and middle-aged men recover from weightlifting. Surprisingly, the study found that both groups recover from exercise at a similar rate, even though strength tends to decline with age. This means that lifting weights can help older adults maintain their ability to recover from exercise.",,,,Rewrite the summary to include an explanation of how it is relevant for,,"ğŸ”¬ SCIENCE UPDATE: If you're new to resistance training, you might be wondering how your body will respond to exercise compared to more experienced individuals. A recent study compared the recovery response from resistance exercise between young and middle-aged men and found that there were no differences in recovery between the two groups for performance measures, muscle pain, or inflammation. This means that if you're just starting out with resistance training, you can expect to recover from exercise just as well as someone who has been doing it for years. Additionally, the study found that while strength measures decline with age, recovery from exercise remains comparable in both groups. This suggests that participating in recreational resistance training can help mitigate any alterations in the recovery response from exercise, making it a great option for people of all ages looking to improve their muscle health and overall fitness. ğŸ‹ï¸â€â™‚ï¸ #sciencenews #fitness #resistancetraining #aging #musclehealth #healthylifestyle",,,,,
4,Comparisons in the Recovery Response From Resistance Exercise Between Young and Middle-Aged Men,5,You are an expert at science communication.,gpt-3.5-turbo,"Comparisons in the Recovery Response From Resistance Exercise Between Young and Middle-Aged Men

Discussion
Results of this study indicated no differences in the recovery response between YA and MA for any of the performance measures, nor in subjective levels of muscle pain or soreness. Furthermore, no between-group differences were observed in the inflammatory orÂ muscle damageÂ response to the exercise protocol. To the best of our knowledge, this is the first study to examine differences in the recovery response from high-volume resistance exercise between recreationally trained young and middle-aged adults. Our results comparing BL performance measures seem to be in agreement with other investigations, demonstrating differences in strength measures between young (23Â–29 years) and older adults (60Â–65 years) (7,15,24), and between middle-aged (41Â–42 years) and older adults (70Â–72 years) (17,18). It does seem that the decline in strength may develop during middle age. However, recovery from exercise seems to be comparable in both younger and middle-aged adults as reflected by similar changes in performance and markers ofÂ muscle damageÂ andÂ inflammation. Although changes in strength may occur in middle age, recovery from exercise does seem to be maintained in recreationally trained individuals.
The differences observed at BL in isometric force and the rate of force development is consistent with other investigations comparing younger and older adults (16,19,36). Although differences in age between young and middle-aged adults do seem to affect BL levels of strength, it does not seem to affect recovery from exercise. This is supported by similar patterns ofÂ muscle damageÂ andÂ inflammationÂ observed during the recovery period after the HVP. Elevations in Mb and CK concentrations are consistent with the expected physiological response from a bout of resistance exercise (9,34). These results also suggest that middle-aged recreationally active men who regularly engage inÂ resistance trainingÂ do not seem to be at increased risk for greater soreness orÂ muscle damageÂ in comparison with younger recreationally trained men.
Similar response patterns were also noted in the inflammatory response for both groups. No significant elevations from BL were observed in CRP. However, significant increases in IL-6 concentrations were observed for both groups. Although CRP is an acute phase protein whose function is to activate the innate immune response and enhance phagocytosis (10), it does not seem to change after an acute bout of resistance exercise (6). Previous research has reported no significant changes in CRP concentrations afterÂ resistance trainingÂ protocols recruiting primarily both upper-body (31) and lower-body exercises (4) in younger men. Furthermore, previous investigations have also indicated that training experience can reduce the CRP response to an acute bout of exercise (22,35). Considering that participants in both YA and MA were recreationally trained, it is likely that this training experience may have attenuated the CRP response. Physiologically, it is consistent with the lower stress and damage that occurs with repetitive training (9,35). Interleukin-6 is an inflammatory cytokine that facilitates communication for the mobilization, proliferation, and differentiation of immune cells to the site of tissue damage (6) and has been shown to increase after exercise (11). Elevations in IL-6 are related to the intensity, duration, and mode of training (11,13,32), but the literature is inconclusive regarding the IL-6 response toÂ resistance training. A recent study reported that a bout of high-volume resistance exercise (8 sets of 10 repetitions with 70% of maximal strength in the squat exercise) resulted in a significant elevation in IL-6 concentrations 30 min after exercise, but no changes were observed after a bout of high-intensity resistance exercise (8 sets of 3 repetitions with 90% of maximal strength in the squat exercise) in experienced, trained lifters (4). The IL-6 response observed during this investigation as a result of a bout of high-volume resistance exercise seems to be consistent with that recently reported by Bartolomei et al. (4). However, age did not seem to exacerbate nor attenuate the IL-6 response in recreationally trained participants.
No differences were noted in the inflammatory orÂ muscle damageÂ response between YA and MA. As discussed earlier, this is likely related to the recreational training background of the participants. However, there were several limitations to the study that need to be acknowledged. The exercise protocol was performed on an isokinetic dynamometer, which may not have as much practical application as mostÂ resistance trainingÂ programs use dynamic constant resistance exercises. In addition, unilateral, single-joint exercise recruited a relatively smaller muscle mass than is commonly used in most training programs. The use of this modality of exercise, which has been demonstrated to be very effective in elicitingÂ muscle damageÂ (20,30), may not have been sufficient to elicit significant performance and inflammatory changes in these recreationally trained participants. Future research should examine modes of training specific to the typical training program of the participants.
Practical Applications
The results of this study indicate that changes in muscle performance seem to begin during middle age, even in recreationally trained individuals. However, participating in recreationalÂ resistance trainingÂ may mitigate any alteration in the recovery response from exercise. These results should be examined in the context that recovery was investigated after a unilateral, single-joint isokinetic exercise protocol. Although this method has been previously used as an effective mode of exercise to elicitÂ muscle damage, it is not specific to the type of exercises typically used by recreational lifters. Future studies may wish to compare these population groups using multijoint, dynamic constant resistance exercises common to the training programs of most recreational lifters, regardless of age.
",Take the key points and numerical descriptors to,Create an Instagram post,Take the key points and numerical descriptors to Create an Instagram post,"ğŸ’ª Young vs middle-aged men: who recovers better after high-volume resistance exercise? ğŸ¤”

A recent study found that there were no differences in recovery response between young and middle-aged men for performance measures, muscle pain, or inflammatory and muscle damage response. However, there were differences in strength measures between the age groups. 

The study suggests that changes in muscle performance may begin during middle age, but participating in recreational resistance training may mitigate any alteration in the recovery response from exercise. So, keep hitting the gym, no matter your age! ğŸ’ªğŸ‹ï¸â€â™‚ï¸ #fitnessmotivation #resistancetraining #workout #nevertooold #youngvsold #musclerecovery #fitnessresearch",,,,1,a lay audience,"If needed, rewrite using terms appropriate for","If needed, rewrite using terms appropriate for for a lay audience","Are you wondering if young or middle-aged men recover better after a tough workout? A new study found that both age groups recover similarly when it comes to muscle pain and inflammation. However, middle-aged men may experience a decline in strength compared to younger men. The good news is that regular resistance training can help maintain muscle recovery and strength as you age. So, don't let age hold you back from hitting the gym and staying fit!",,,,Rewrite the summary to include an explanation of how it is relevant for,,"Are you new to resistance training and wondering if age affects your ability to recover after a high-volume workout? A recent study has found that there are no differences in recovery response between young and middle-aged men for performance measures, muscle pain, or inflammatory and muscle damage response. This means that regardless of your age, you can expect similar recovery outcomes after a high-volume resistance exercise. However, the study did find differences in strength measures between age groups, suggesting that changes in muscle performance may begin during middle age. But don't worry, participating in recreational resistance training can help mitigate any alteration in the recovery response from exercise. So, if you're new to resistance training, keep hitting the gym, no matter your age! ğŸ’ªğŸ‹ï¸â€â™‚ï¸ #fitnessmotivation #resistancetraining #workout #nevertooold #youngvsold #musclerecovery #fitnessresearch",,,,,
